<?xml version="1.0" encoding="UTF-8" standalone="yes"?>
<addon id="repository.lynxstrike" name="lynxstrike's Repo" version="1.0.02" provider-name="lynxstrike">
	<extension point="xbmc.addon.repository" name="Lynxstrike's Repo">
		<dir>
			<info compressed="false">https://raw.githubusercontent.com/lynxstrike/lynxstrike.repo/master/repo/zips/addons.xml</info>
			<checksum>https://raw.githubusercontent.com/lynxstrike/lynxstrike.repo/master/repo/zips/addons.xml.md5</checksum>
			<datadir zip="true">https://raw.githubusercontent.com/lynxstrike/lynxstrike.repo/master/repo/zips/</datadir>
		</dir>
		<dir>
			<info compressed="false">https://raw.githubusercontent.com/lynxstrike/lynxstrike.repo/refs/heads/master/addons/zips/addons.xml</info>
			<checksum>https://raw.githubusercontent.com/lynxstrike/lynxstrike.repo/refs/heads/master/addons/zips/addons.xml.md5</checksum>
			<datadir zip="true">https://raw.githubusercontent.com/lynxstrike/lynxstrike.repo/refs/heads/master/addons/zips/</datadir>
		</dir>		
	</extension>
	<extension point="xbmc.addon.metadata">
		<summary>lynxstrike's Repository for Studio Images</summary>
		<description>lynxstrike's Repository was built for sustained support for the Studio Images. It will contain the skin and additional support files ensuring continued support as Kodi continues to evolve.</description>
		<disclaimer>The skin is a derivative retooled version of an official Kodi repository skin, it may never make its way into the official Kodi repository, so GitHub will be the primary source of updates going forward for Studio Images.</disclaimer>
		<platform>all</platform>
		<forum>https://forum.kodi.tv/showthread.php?tid=368342</forum>
		<source>https://github.com/lynxstrike/lynxstrike.repo/tree/master/repo/zips/repository.lynxstrike</source>
		<website>https://github.com/lynxstrike/lynxstrike.repo/tree/master/repo/zips/repository.lynxstrike</website>
		<assets>
			<icon>icon.png</icon>
			<fanart>fanart.jpg</fanart>
		</assets>
		<news>
		Put your updates here
		</news>
	</extension>
</addon>